Campaign_ID,Campaign_Type,Region,Customer_Age_Group,Gender,Income_Level,Start_Date,Ad_Spend,Clicks,Conversions,Revenue_Generated,Conversion_Rate,ROI
CAM1000,Paid Ads,East,18-25,Male,Medium,01-07-2023,40403.77,6797,1841,118911.97,0.271,1.94
CAM1001,Referral,West,18-25,Other,Medium,01-12-2023,48684.48,8312,1623,44306.74,0.195,-0.09
CAM1002,Influencer,North,36-45,Male,Medium,01-09-2023,16820.4,5057,737,47396.91,0.146,1.82
CAM1003,Referral,West,46-60,Male,Low,01-05-2023,17220.59,2679,76,18683.33,0.028,0.08
CAM1004,Referral,East,46-60,Other,Low,01-08-2023,26280.37,9565,1349,58707.8,0.141,1.23
CAM1005,Social Media,East,18-25,Female,High,01-10-2023,49272.81,8775,1725,38715.34,0.197,-0.21
CAM1006,Influencer,West,26-35,Male,High,01-10-2023,17103.15,1922,348,47772.54,0.181,1.79
CAM1007,Influencer,North,36-45,Male,Low,01-08-2023,23313.74,3680,1006,101802.9,0.273,3.37
CAM1008,Influencer,South,36-45,Male,High,01-01-2023,45116.6,4816,848,112903.3,0.176,1.5
CAM1009,Referral,East,36-45,Other,Low,01-12-2023,5131.45,7196,1164,30430.64,0.162,4.93
CAM1010,Paid Ads,North,36-45,Female,Medium,01-05-2023,6789.47,1114,529,50975.98,0.475,6.51
CAM1011,Influencer,North,46-60,Other,Medium,01-03-2023,32183.23,5070,622,112149.36,0.123,2.48
CAM1012,Referral,South,46-60,Other,High,01-01-2023,45832.11,770,507,16798.93,0.658,-0.63
CAM1013,Social Media,East,26-35,Female,Low,01-04-2023,15748.55,2968,1524,20159.66,0.513,0.28
CAM1014,Paid Ads,East,36-45,Other,Low,01-08-2023,26133.88,4107,414,27907.01,0.101,0.07
CAM1015,Social Media,North,36-45,Female,High,01-03-2023,25270.94,3575,908,75473.41,0.254,1.99
CAM1016,Paid Ads,North,18-25,Male,Low,01-10-2023,26283.71,789,1748,26551.95,2.215,0.01
CAM1017,Referral,South,46-60,Female,Medium,01-02-2023,33013.39,8620,400,116488.4,0.046,2.53
CAM1018,Email,South,36-45,Male,High,01-11-2023,26138.47,7114,1728,59138.6,0.243,1.26
CAM1019,Paid Ads,East,26-35,Other,High,01-09-2023,25136.07,3752,1473,65166.98,0.393,1.59
CAM1020,Social Media,West,26-35,Other,Low,01-10-2023,26342.98,7915,302,37132.45,0.038,0.41
CAM1021,Referral,East,46-60,Male,High,01-05-2023,31589.03,7271,830,61805.63,0.114,0.96
CAM1022,Paid Ads,North,26-35,Other,Low,01-07-2023,29165.34,778,1954,82810.5,2.512,1.84
CAM1023,Email,East,26-35,Female,Low,01-11-2023,43436.12,1080,852,92629.49,0.789,1.13
CAM1024,Email,West,46-60,Male,Low,01-11-2023,7227.36,5458,1061,92925.49,0.194,11.86
CAM1025,Influencer,South,36-45,Other,Low,01-02-2023,42499.27,8945,508,73568.02,0.057,0.73
CAM1026,Influencer,West,36-45,Male,Low,01-09-2023,42976.61,4776,1772,109479.58,0.371,1.55
CAM1027,Social Media,West,26-35,Female,High,01-09-2023,17820.86,8497,966,99914.86,0.114,4.61
CAM1028,Paid Ads,West,26-35,Female,Medium,01-04-2023,25828.34,5276,548,93275.29,0.104,2.61
CAM1029,Paid Ads,South,36-45,Other,Medium,01-04-2023,24734.23,1324,999,16116.61,0.755,-0.35
CAM1030,Influencer,West,46-60,Female,High,01-06-2023,14832.94,4332,1999,10756.58,0.461,-0.27
CAM1031,Paid Ads,West,26-35,Male,High,01-10-2023,22855.86,9391,557,33369.2,0.059,0.46
CAM1032,Paid Ads,West,18-25,Female,Medium,01-10-2023,6997.45,5945,1377,82987.6,0.232,10.86
CAM1033,Email,North,46-60,Male,Medium,01-10-2023,17501.99,1880,550,55231.72,0.293,2.16
CAM1034,Influencer,West,26-35,Male,Medium,01-06-2023,41750.7,7034,852,54264.69,0.121,0.3
CAM1035,Referral,South,26-35,Female,Medium,01-12-2023,17805.3,3656,647,107304.56,0.177,5.03
CAM1036,Influencer,West,18-25,Other,Medium,01-01-2023,41819.3,4807,215,108511.91,0.045,1.59
CAM1037,Referral,West,18-25,Female,Low,01-09-2023,28921.98,6134,1488,110009.28,0.243,2.8
CAM1038,Email,South,36-45,Male,High,01-02-2023,44593.82,9075,511,44526.59,0.056,0
CAM1039,Social Media,West,46-60,Male,Low,01-05-2023,30865.08,6310,969,86016.14,0.154,1.79
CAM1040,Paid Ads,South,46-60,Female,Medium,01-09-2023,6335.07,9033,163,39879.65,0.018,5.3
CAM1041,Email,West,36-45,Other,Medium,01-04-2023,35393.91,6434,1506,30967.08,0.234,-0.13
CAM1042,Paid Ads,South,46-60,Other,Medium,01-11-2023,7018.41,3609,1041,30309.57,0.288,3.32
CAM1043,Social Media,West,46-60,Male,Low,01-03-2023,25276.87,4582,1429,47631.84,0.312,0.88
CAM1044,Social Media,West,46-60,Male,Low,01-07-2023,46824.2,3740,1768,57295.34,0.473,0.22
CAM1045,Email,North,46-60,Other,Medium,01-06-2023,12434.18,6528,256,101404.41,0.039,7.16
CAM1046,Social Media,North,46-60,Female,Low,01-08-2023,22544.26,2349,1841,23188.02,0.784,0.03
CAM1047,Referral,West,18-25,Male,Low,01-03-2023,37843.71,8997,1308,90841.84,0.145,1.4
CAM1048,Social Media,West,46-60,Male,Medium,01-05-2023,44701.64,3249,1515,68460.04,0.466,0.53
CAM1049,Paid Ads,East,18-25,Other,Low,01-10-2023,35192.44,7180,1428,41673.99,0.199,0.18
CAM1050,Paid Ads,South,46-60,Female,High,01-04-2023,16617.8,9827,564,64210.15,0.057,2.86
CAM1051,Paid Ads,East,36-45,Other,High,01-04-2023,35357.35,705,1281,42993.63,1.817,0.22
CAM1052,Paid Ads,North,26-35,Female,High,01-04-2023,18352.74,7852,758,75569.02,0.097,3.12
CAM1053,Referral,North,18-25,Female,High,01-10-2023,37329.32,5091,1926,57722.83,0.378,0.55
CAM1054,Influencer,North,46-60,Female,Medium,01-08-2023,47931.49,3950,1198,28084.61,0.303,-0.41
CAM1055,Email,North,36-45,Male,Medium,01-06-2023,37462.71,7714,187,22824.14,0.024,-0.39
CAM1056,Paid Ads,West,26-35,Other,Medium,01-03-2023,43829.62,4311,388,70136.53,0.09,0.6
CAM1057,Social Media,North,18-25,Other,High,01-10-2023,5094.67,5641,586,109265.43,0.104,20.45
CAM1058,Paid Ads,West,26-35,Female,High,01-05-2023,37290.75,9001,117,47835.35,0.013,0.28
CAM1059,Social Media,West,36-45,Male,Low,01-06-2023,42331.44,3208,1646,90630.01,0.513,1.14
CAM1060,Social Media,North,18-25,Male,Low,01-05-2023,6825.14,2491,1614,82452.75,0.648,11.08
CAM1061,Paid Ads,North,26-35,Other,High,01-06-2023,44221.9,8963,432,112471.04,0.048,1.54
CAM1062,Referral,South,46-60,Male,High,01-08-2023,16551.24,3773,68,100307.91,0.018,5.06
CAM1063,Social Media,East,18-25,Male,High,01-07-2023,34938.14,5038,732,72326.58,0.145,1.07
CAM1064,Social Media,North,26-35,Female,High,01-05-2023,41015.97,9212,1523,82273.35,0.165,1.01
CAM1065,Paid Ads,South,36-45,Male,Low,01-10-2023,34819.9,9668,123,108822.51,0.013,2.13
CAM1066,Social Media,South,36-45,Female,High,01-06-2023,9152.82,4222,622,53947.07,0.147,4.89
CAM1067,Social Media,East,18-25,Other,Low,01-04-2023,31834.47,4051,988,45947.42,0.244,0.44
CAM1068,Paid Ads,West,26-35,Male,High,01-12-2023,29731.26,3332,1738,11189.22,0.522,-0.62
CAM1069,Paid Ads,North,18-25,Other,High,01-09-2023,45514.46,6179,1349,100920.62,0.218,1.22
CAM1070,Email,East,18-25,Other,High,01-04-2023,23190.79,7079,1121,98107.88,0.158,3.23
CAM1071,Referral,North,26-35,Male,Low,01-01-2023,19448.65,652,260,21490,0.399,0.1
CAM1072,Referral,South,26-35,Male,Low,01-07-2023,38743.28,6254,904,73454.31,0.145,0.9
CAM1073,Social Media,South,46-60,Other,Medium,01-07-2023,23570.39,3300,1993,61037.99,0.604,1.59
CAM1074,Referral,West,26-35,Male,High,01-04-2023,34074.33,5810,700,23058,0.12,-0.32
CAM1075,Social Media,South,36-45,Female,Medium,01-03-2023,34090.25,3110,1695,117862.5,0.545,2.46
CAM1076,Email,South,18-25,Female,Medium,01-08-2023,44961.76,1604,1043,33616.55,0.65,-0.25
CAM1077,Paid Ads,East,18-25,Male,Low,01-05-2023,31941.16,7861,744,17395.76,0.095,-0.46
CAM1078,Paid Ads,North,36-45,Other,Low,01-10-2023,27596.91,4699,589,75433.21,0.125,1.73
CAM1079,Paid Ads,North,26-35,Male,Medium,01-07-2023,11249.21,4354,1782,91275.33,0.409,7.11
CAM1080,Referral,East,36-45,Male,High,01-04-2023,10208.19,7763,1264,13568.78,0.163,0.33
CAM1081,Email,West,36-45,Other,Low,01-04-2023,11944.47,2414,1388,82458.94,0.575,5.9
CAM1082,Referral,North,46-60,Other,High,01-08-2023,12733.18,7865,950,68552.11,0.121,4.38
CAM1083,Referral,South,36-45,Female,High,01-08-2023,33704.47,3572,1636,21359.15,0.458,-0.37
CAM1084,Email,North,18-25,Other,Medium,01-02-2023,38344.16,9698,1734,28977.63,0.179,-0.24
CAM1085,Email,South,36-45,Female,Medium,01-02-2023,28849.62,906,829,72477.17,0.915,1.51
CAM1086,Email,West,18-25,Other,Medium,01-03-2023,42305.8,666,1635,42599.34,2.455,0.01
CAM1087,Email,East,18-25,Male,Medium,01-12-2023,49606.85,1008,1973,113214.73,1.957,1.28
CAM1088,Paid Ads,North,18-25,Female,Low,01-12-2023,41900.57,2161,1831,100061.43,0.847,1.39
CAM1089,Influencer,East,26-35,Female,Low,01-03-2023,36269.71,4164,1186,118192.39,0.285,2.26
CAM1090,Influencer,North,46-60,Female,Medium,01-01-2023,28962.17,3989,219,38563.79,0.055,0.33
CAM1091,Email,South,18-25,Male,Low,01-03-2023,25198.39,1180,1541,116669.6,1.306,3.63
CAM1092,Influencer,East,18-25,Male,Medium,01-06-2023,8797.66,3024,1751,57435.73,0.579,5.53
CAM1093,Influencer,North,26-35,Male,High,01-08-2023,22971.59,2620,1994,48227.07,0.761,1.1
CAM1094,Email,South,18-25,Male,High,01-12-2023,45956.06,5760,1087,15538.45,0.189,-0.66
CAM1095,Influencer,East,36-45,Male,High,01-10-2023,41361.02,4857,1788,15804.18,0.368,-0.62
CAM1096,Referral,East,36-45,Female,Medium,01-06-2023,14722.31,1863,337,86121.24,0.181,4.85
CAM1097,Social Media,North,46-60,Male,High,01-05-2023,25997.35,2792,1980,60372.19,0.709,1.32
CAM1098,Social Media,North,18-25,Female,Low,01-04-2023,41752.54,2038,238,34917.38,0.117,-0.16
CAM1099,Email,North,26-35,Male,High,01-03-2023,8032.3,3908,963,77536.73,0.246,8.65
CAM1100,Paid Ads,South,36-45,Other,High,01-04-2023,22432.67,8242,1228,37814.39,0.149,0.69
CAM1101,Email,North,26-35,Female,High,01-07-2023,43332.86,9252,1640,73539.49,0.177,0.7
CAM1102,Paid Ads,East,26-35,Other,Low,01-01-2023,23175.4,9791,743,49512.96,0.076,1.14
CAM1103,Social Media,East,36-45,Female,Medium,01-07-2023,8492.66,2403,1795,100590.74,0.747,10.84
CAM1104,Email,North,26-35,Other,Low,01-01-2023,29414.05,674,937,100276.58,1.39,2.41
CAM1105,Referral,North,36-45,Male,Medium,01-02-2023,43778.41,2730,520,62508.54,0.19,0.43
CAM1106,Influencer,West,26-35,Male,Medium,01-04-2023,31562.85,4787,1148,48590.1,0.24,0.54
CAM1107,Paid Ads,East,36-45,Male,High,01-01-2023,15182.56,4660,326,49881.58,0.07,2.29
CAM1108,Influencer,South,18-25,Female,Medium,01-11-2023,22290.78,7606,989,98628.6,0.13,3.42
CAM1109,Influencer,West,46-60,Other,Low,01-12-2023,25255.55,3671,1718,46099.74,0.468,0.83
CAM1110,Email,North,36-45,Male,Low,01-11-2023,31066.99,2067,1416,32996.53,0.685,0.06
CAM1111,Influencer,North,36-45,Other,Medium,01-11-2023,39170.8,1651,1498,19315.72,0.907,-0.51
CAM1112,Referral,East,46-60,Other,High,01-09-2023,9449.31,8119,620,61336.24,0.076,5.49
CAM1113,Influencer,North,36-45,Male,High,01-12-2023,45034.34,6533,1584,63034.53,0.242,0.4
CAM1114,Email,South,36-45,Male,Low,01-06-2023,5553.94,9060,906,102499.96,0.1,17.46
CAM1115,Referral,East,26-35,Other,High,01-01-2023,21652.36,5446,1050,34336.26,0.193,0.59
CAM1116,Social Media,North,46-60,Male,Medium,01-01-2023,6233.91,8734,1255,51909.04,0.144,7.33
CAM1117,Influencer,East,18-25,Male,Medium,01-06-2023,22683.84,2407,507,98924.63,0.211,3.36
CAM1118,Email,North,36-45,Male,Low,01-04-2023,28661.57,3990,967,100598.6,0.242,2.51
CAM1119,Social Media,North,46-60,Female,Medium,01-04-2023,28025.66,3035,1924,52307.22,0.634,0.87
CAM1120,Social Media,North,26-35,Other,Low,01-11-2023,12453.28,4673,882,60503.64,0.189,3.86
CAM1121,Paid Ads,South,18-25,Other,Medium,01-06-2023,34058.32,1793,1137,43361.45,0.634,0.27
CAM1122,Referral,South,46-60,Female,Low,01-12-2023,7015.03,5269,888,112581.04,0.169,15.05
CAM1123,Influencer,East,18-25,Other,High,01-11-2023,39285.81,5296,1333,23050.81,0.252,-0.41
CAM1124,Email,North,18-25,Male,Medium,01-07-2023,47599,7371,242,112712.44,0.033,1.37
CAM1125,Paid Ads,North,18-25,Other,Medium,01-09-2023,20289.6,3472,1728,85225.31,0.498,3.2
CAM1126,Referral,South,36-45,Male,Low,01-10-2023,28275.77,4422,665,68472.94,0.15,1.42
CAM1127,Paid Ads,North,36-45,Female,Low,01-05-2023,22050.96,5497,455,13592.5,0.083,-0.38
CAM1128,Referral,South,26-35,Male,Medium,01-09-2023,5301.97,7532,1799,62315.58,0.239,10.75
CAM1129,Referral,North,26-35,Other,Low,01-04-2023,22364.35,1492,1827,54852.29,1.225,1.45
CAM1130,Influencer,East,46-60,Other,Medium,01-10-2023,40627.41,8612,992,27734.07,0.115,-0.32
CAM1131,Referral,North,26-35,Other,High,01-02-2023,31819.5,5787,770,82205.06,0.133,1.58
CAM1132,Paid Ads,North,18-25,Female,Low,01-03-2023,9556.7,2740,142,116826.6,0.052,11.22
CAM1133,Referral,West,18-25,Female,Medium,01-11-2023,43121.28,1976,479,71840.77,0.242,0.67
CAM1134,Influencer,South,36-45,Other,High,01-01-2023,28898.84,6926,703,88622.86,0.102,2.07
CAM1135,Influencer,North,18-25,Male,High,01-06-2023,42877.55,889,1507,17529.55,1.695,-0.59
CAM1136,Paid Ads,North,46-60,Female,Medium,01-06-2023,31109.97,1499,1477,55943.37,0.985,0.8
CAM1137,Social Media,West,18-25,Other,Low,01-01-2023,30185.98,2355,483,22799.43,0.205,-0.24
CAM1138,Social Media,West,18-25,Other,Medium,01-11-2023,9736.66,8625,1185,77407.54,0.137,6.95
CAM1139,Referral,South,46-60,Female,High,01-03-2023,12531.19,9350,424,113233.04,0.045,8.04
CAM1140,Email,West,26-35,Female,Medium,01-05-2023,48741.14,3263,1132,82795.55,0.347,0.7
CAM1141,Referral,East,26-35,Female,Low,01-03-2023,15281.9,4163,1116,18448.34,0.268,0.21
CAM1142,Paid Ads,West,46-60,Male,High,01-10-2023,48985.35,5486,256,49013.28,0.047,0
CAM1143,Paid Ads,East,36-45,Male,Medium,01-03-2023,28936.07,1981,829,70572.97,0.418,1.44
CAM1144,Paid Ads,South,18-25,Other,Low,01-10-2023,11110.51,7756,1369,54352.85,0.177,3.89
CAM1145,Paid Ads,South,46-60,Female,High,01-03-2023,9468.6,4231,1191,101700.84,0.281,9.74
CAM1146,Paid Ads,South,18-25,Male,Low,01-05-2023,14398.88,7762,581,99613.81,0.075,5.92
CAM1147,Influencer,South,36-45,Female,High,01-05-2023,46653.68,951,1295,77301.41,1.362,0.66
CAM1148,Social Media,South,18-25,Other,Medium,01-04-2023,23636.76,3593,215,51080.37,0.06,1.16
CAM1149,Paid Ads,East,46-60,Male,Low,01-01-2023,22794.54,1382,692,38087,0.501,0.67
CAM1150,Email,East,18-25,Male,High,01-05-2023,19094.28,4908,1229,21646.18,0.25,0.13
CAM1151,Email,South,26-35,Male,Low,01-10-2023,11617.78,4568,1257,49038.75,0.275,3.22
CAM1152,Email,West,36-45,Other,Low,01-05-2023,26953.3,3777,139,55448.98,0.037,1.06
CAM1153,Email,North,36-45,Female,Medium,01-04-2023,10852.15,9066,1167,84340.52,0.129,6.77
CAM1154,Influencer,South,36-45,Male,Low,01-06-2023,42596.61,8451,62,82397.58,0.007,0.93
CAM1155,Email,West,46-60,Other,High,01-10-2023,21667.86,5190,1022,17711.9,0.197,-0.18
CAM1156,Paid Ads,North,36-45,Female,High,01-04-2023,21866.16,5095,1907,53478.52,0.374,1.45
CAM1157,Referral,South,26-35,Other,High,01-07-2023,26330.29,5059,854,29995.68,0.169,0.14
CAM1158,Email,South,46-60,Female,High,01-07-2023,24985.75,7791,994,27249.4,0.128,0.09
CAM1159,Influencer,East,26-35,Other,Medium,01-02-2023,49768.61,8660,791,101003.24,0.091,1.03
CAM1160,Influencer,North,18-25,Female,Low,01-03-2023,29542.15,612,1907,14610.67,3.116,-0.51
CAM1161,Email,North,18-25,Male,Medium,01-01-2023,8969.08,5631,1877,56110.12,0.333,5.26
CAM1162,Referral,West,18-25,Female,Low,01-08-2023,32309.48,3697,1511,28502.4,0.409,-0.12
CAM1163,Email,East,18-25,Other,Low,01-09-2023,11821.29,639,1611,106726.32,2.521,8.03
CAM1164,Influencer,East,26-35,Other,Low,01-04-2023,6392.19,1924,1660,71274.46,0.863,10.15
CAM1165,Social Media,East,46-60,Female,Medium,01-06-2023,48683.4,3449,925,35451.87,0.268,-0.27
CAM1166,Paid Ads,East,46-60,Male,Low,01-09-2023,39809.25,3668,1884,65267,0.514,0.64
CAM1167,Influencer,North,36-45,Male,Medium,01-06-2023,49104.9,9208,1223,90463.5,0.133,0.84
CAM1168,Email,North,26-35,Female,High,01-12-2023,26504.53,6543,709,115392.98,0.108,3.35
CAM1169,Paid Ads,South,18-25,Female,High,01-12-2023,28951.59,7489,1081,34249.06,0.144,0.18
CAM1170,Email,South,26-35,Other,Low,01-12-2023,12575.16,7736,1102,107479.99,0.142,7.55
CAM1171,Email,East,36-45,Male,Medium,01-09-2023,16110.83,6761,345,112773.45,0.051,6
CAM1172,Social Media,East,36-45,Female,High,01-04-2023,42734.71,1387,1035,110806.26,0.746,1.59
CAM1173,Paid Ads,East,26-35,Male,Medium,01-08-2023,21028.35,3604,975,79895.58,0.271,2.8
CAM1174,Paid Ads,South,26-35,Female,Medium,01-09-2023,42206.67,549,1794,79280.27,3.268,0.88
CAM1175,Social Media,West,26-35,Female,Low,01-04-2023,36905.62,4451,689,54353.17,0.155,0.47
CAM1176,Influencer,West,46-60,Male,High,01-05-2023,12972.69,4060,389,92763.77,0.096,6.15
CAM1177,Email,South,18-25,Female,Low,01-08-2023,27835.09,518,677,68442.34,1.307,1.46
CAM1178,Referral,South,26-35,Female,Low,01-12-2023,35482.43,5321,488,84518.19,0.092,1.38
CAM1179,Email,South,26-35,Other,High,01-10-2023,15576.67,6840,1217,57130.37,0.178,2.67
CAM1180,Email,South,26-35,Female,High,01-06-2023,42380.98,8558,991,90464.61,0.116,1.13
CAM1181,Influencer,South,36-45,Female,Medium,01-12-2023,29517.24,3106,879,100691.87,0.283,2.41
CAM1182,Email,South,36-45,Female,High,01-07-2023,12435.89,8346,1820,26107.99,0.218,1.1
CAM1183,Social Media,East,46-60,Other,Medium,01-03-2023,31234.3,9143,568,101622.27,0.062,2.25
CAM1184,Social Media,East,18-25,Male,Medium,01-07-2023,49987.12,6932,1025,69432.62,0.148,0.39
CAM1185,Paid Ads,East,46-60,Other,Medium,01-12-2023,11773.47,4265,1118,102913.25,0.262,7.74
CAM1186,Referral,East,18-25,Other,High,01-08-2023,41754.06,2938,1004,57443.19,0.342,0.38
CAM1187,Email,South,36-45,Male,Low,01-10-2023,14328.91,6858,1312,51694.45,0.191,2.61
CAM1188,Email,West,36-45,Other,Medium,01-06-2023,40207.47,8819,1001,110656.68,0.114,1.75
CAM1189,Influencer,North,36-45,Male,Low,01-10-2023,38056.01,6441,993,37628.62,0.154,-0.01
CAM1190,Social Media,South,46-60,Other,Low,01-09-2023,18522.02,8144,204,102863.36,0.025,4.55
CAM1191,Referral,North,26-35,Male,High,01-06-2023,19662.04,5355,1254,63242.26,0.234,2.22
CAM1192,Paid Ads,West,26-35,Female,Low,01-12-2023,40663.46,7047,1288,66550.5,0.183,0.64
CAM1193,Social Media,East,36-45,Other,Low,01-09-2023,25765.05,7696,137,43931.51,0.018,0.71
CAM1194,Paid Ads,West,26-35,Other,High,01-04-2023,37886.81,6411,1329,73034.64,0.207,0.93
CAM1195,Influencer,South,26-35,Other,Medium,01-08-2023,11659.29,6981,1584,45773.23,0.227,2.93
CAM1196,Influencer,East,46-60,Other,Low,01-11-2023,43365.1,3261,1146,14319.64,0.351,-0.67
CAM1197,Email,South,18-25,Female,High,01-04-2023,36989.81,4956,980,39919.85,0.198,0.08
CAM1198,Referral,East,36-45,Other,Low,01-02-2023,45812.43,6861,228,10701.69,0.033,-0.77
CAM1199,Paid Ads,North,36-45,Female,Low,01-10-2023,10956.76,6193,261,117619.03,0.042,9.73
CAM1200,Social Media,North,46-60,Female,Medium,01-11-2023,31685.65,6288,1878,116232.19,0.299,2.67
CAM1201,Influencer,North,46-60,Female,Low,01-09-2023,31960.43,701,1307,53467.08,1.864,0.67
CAM1202,Email,West,26-35,Female,High,01-05-2023,20905.73,6660,514,90120.79,0.077,3.31
CAM1203,Email,South,36-45,Male,Low,01-04-2023,25630.99,1017,1824,48038.67,1.794,0.87
CAM1204,Paid Ads,West,18-25,Male,Medium,01-02-2023,6709.17,8237,1296,83820.25,0.157,11.49
CAM1205,Influencer,North,46-60,Other,Medium,01-01-2023,38563.7,2488,680,98597.3,0.273,1.56
CAM1206,Referral,South,18-25,Male,High,01-11-2023,29719.51,4302,874,114143.19,0.203,2.84
CAM1207,Influencer,North,18-25,Male,Medium,01-07-2023,7598.35,6308,1337,54023.35,0.212,6.11
CAM1208,Paid Ads,West,36-45,Other,Low,01-06-2023,35634.02,7662,1280,96162.78,0.167,1.7
CAM1209,Paid Ads,West,36-45,Other,Medium,01-02-2023,26005.19,6741,656,39252.13,0.097,0.51
CAM1210,Influencer,West,46-60,Other,High,01-08-2023,6550.76,8899,934,118936.55,0.105,17.16
CAM1211,Paid Ads,North,36-45,Male,Medium,01-11-2023,48632.35,6133,1807,12834.66,0.295,-0.74
CAM1212,Influencer,South,36-45,Male,Medium,01-04-2023,47710.05,6255,415,76388.17,0.066,0.6
CAM1213,Social Media,South,36-45,Other,Medium,01-08-2023,28080.61,6809,325,82545.66,0.048,1.94
CAM1214,Influencer,North,18-25,Female,High,01-07-2023,9215.26,4617,429,85685.01,0.093,8.3
CAM1215,Influencer,South,46-60,Other,Medium,01-05-2023,38957.95,8845,1816,23242.63,0.205,-0.4
CAM1216,Paid Ads,North,26-35,Female,Medium,01-10-2023,27136.9,2018,1382,113238.28,0.685,3.17
CAM1217,Paid Ads,South,18-25,Female,Low,01-10-2023,18610.14,6663,1704,29930.16,0.256,0.61
CAM1218,Email,East,36-45,Other,High,01-12-2023,27113.82,3100,1341,78502.87,0.433,1.9
CAM1219,Email,East,18-25,Other,Medium,01-08-2023,28509.99,2695,994,34494.37,0.369,0.21
CAM1220,Social Media,West,36-45,Other,High,01-09-2023,30322.03,4054,1858,43793.81,0.458,0.44
CAM1221,Email,East,36-45,Male,Medium,01-05-2023,24855.07,3349,1137,70110.44,0.34,1.82
CAM1222,Influencer,East,18-25,Female,Medium,01-10-2023,32258.99,2242,859,55891.28,0.383,0.73
CAM1223,Paid Ads,East,46-60,Male,Medium,01-05-2023,46343.06,1806,1423,27624.82,0.788,-0.4
CAM1224,Email,North,36-45,Male,Low,01-02-2023,21302.06,4349,974,28803,0.224,0.35
CAM1225,Email,East,46-60,Other,Low,01-05-2023,37657.24,8019,1988,55995.93,0.248,0.49
CAM1226,Social Media,East,26-35,Male,Low,01-03-2023,45250.37,4695,543,93301.13,0.116,1.06
CAM1227,Social Media,West,36-45,Other,High,01-07-2023,25519.07,5678,1596,108776.11,0.281,3.26
CAM1228,Influencer,East,46-60,Female,High,01-10-2023,24955.51,3055,1171,19254.04,0.383,-0.23
CAM1229,Paid Ads,East,46-60,Other,Low,01-05-2023,32095.26,2805,1144,53241.43,0.408,0.66
CAM1230,Social Media,South,26-35,Male,High,01-08-2023,31613.3,8119,413,21027.01,0.051,-0.33
CAM1231,Email,West,46-60,Male,Medium,01-01-2023,41296.52,9780,619,11825.17,0.063,-0.71
CAM1232,Paid Ads,West,46-60,Other,Medium,01-03-2023,26441.75,3142,1875,82789.06,0.597,2.13
CAM1233,Paid Ads,West,26-35,Other,Medium,01-03-2023,49825.53,9869,812,76269.44,0.082,0.53
CAM1234,Email,West,36-45,Male,Low,01-09-2023,7676.22,6909,325,27932.1,0.047,2.64
CAM1235,Social Media,West,46-60,Female,High,01-05-2023,5142.55,5257,99,35719.41,0.019,5.95
CAM1236,Email,West,46-60,Female,Low,01-12-2023,33808.92,3494,1431,12607.85,0.41,-0.63
CAM1237,Paid Ads,North,46-60,Other,High,01-09-2023,18429.57,9251,777,101844.19,0.084,4.53
CAM1238,Referral,East,18-25,Female,Medium,01-09-2023,15817.21,1771,955,117215.97,0.539,6.41
CAM1239,Referral,West,26-35,Male,Low,01-01-2023,19035.46,2313,977,24900.55,0.422,0.31
CAM1240,Influencer,East,18-25,Other,High,01-02-2023,16522.14,9301,613,35462.27,0.066,1.15
CAM1241,Email,East,26-35,Male,High,01-05-2023,6385.55,2961,832,105525.05,0.281,15.53
CAM1242,Email,North,36-45,Male,Medium,01-04-2023,48718.99,4620,534,111911.02,0.116,1.3
CAM1243,Influencer,West,36-45,Female,Low,01-10-2023,14933.55,6624,1157,56159.01,0.175,2.76
CAM1244,Influencer,South,46-60,Other,Low,01-09-2023,38031.34,8975,1972,15568.47,0.22,-0.59
CAM1245,Influencer,North,26-35,Other,Low,01-07-2023,39316.84,4896,1878,14333.1,0.384,-0.64
CAM1246,Paid Ads,South,36-45,Female,Medium,01-06-2023,46816.58,9783,1711,73134.49,0.175,0.56
CAM1247,Email,East,26-35,Male,Low,01-07-2023,6374.73,1316,1881,53218.46,1.429,7.35
CAM1248,Paid Ads,East,36-45,Male,Medium,01-01-2023,44242.18,7804,633,13151.77,0.081,-0.7
CAM1249,Influencer,North,18-25,Male,Medium,01-01-2023,28725.18,7831,1369,74157.76,0.175,1.58
CAM1250,Email,North,36-45,Male,Medium,01-08-2023,33464.48,582,285,11243.28,0.49,-0.66
CAM1251,Paid Ads,South,18-25,Other,High,01-02-2023,34001.16,2420,105,96610.92,0.043,1.84
CAM1252,Paid Ads,West,36-45,Other,Low,01-12-2023,41890.9,8317,1992,43707.61,0.24,0.04
CAM1253,Influencer,South,46-60,Female,Low,01-10-2023,20003.33,2593,409,14428.38,0.158,-0.28
CAM1254,Email,North,18-25,Female,Medium,01-11-2023,37987.3,7571,1980,74718.74,0.262,0.97
CAM1255,Influencer,South,36-45,Other,Medium,01-09-2023,28786.01,8467,159,53745.29,0.019,0.87
CAM1256,Email,North,46-60,Other,Low,01-07-2023,40702.73,8867,241,117118.05,0.027,1.88
CAM1257,Referral,South,18-25,Male,Medium,01-06-2023,49574.57,5785,953,69861.85,0.165,0.41
CAM1258,Social Media,North,46-60,Male,Low,01-01-2023,14029.3,5437,1166,40276.31,0.214,1.87
CAM1259,Social Media,North,26-35,Female,High,01-01-2023,49759.19,869,911,88038.28,1.048,0.77
CAM1260,Social Media,North,26-35,Other,Medium,01-02-2023,9041.55,2318,617,39864.12,0.266,3.41
CAM1261,Influencer,West,18-25,Female,Low,01-06-2023,5104.29,2601,1133,109466.76,0.436,20.45
CAM1262,Referral,South,36-45,Other,Medium,01-06-2023,6987.29,3990,699,51219.42,0.175,6.33
CAM1263,Email,South,18-25,Male,Low,01-02-2023,20380.21,2279,88,70485.54,0.039,2.46
CAM1264,Paid Ads,South,46-60,Female,Low,01-01-2023,33480.78,8174,1613,15563.04,0.197,-0.54
CAM1265,Email,North,36-45,Female,Medium,01-10-2023,8106.33,1864,1122,56873.34,0.602,6.02
CAM1266,Paid Ads,South,26-35,Other,High,01-05-2023,5254.96,7794,1493,101559.99,0.192,18.33
CAM1267,Email,South,36-45,Male,Low,01-05-2023,47169.1,4176,686,98621.37,0.164,1.09
CAM1268,Referral,North,26-35,Female,Low,01-02-2023,41986.7,2926,1086,34675.04,0.371,-0.17
CAM1269,Paid Ads,East,36-45,Male,Low,01-06-2023,41413.24,8764,85,34868.7,0.01,-0.16
CAM1270,Influencer,North,36-45,Female,High,01-09-2023,44799.09,8589,150,99903.58,0.017,1.23
CAM1271,Email,South,36-45,Male,High,01-02-2023,36501.54,3462,1867,112343.83,0.539,2.08
CAM1272,Email,North,46-60,Other,Medium,01-10-2023,9698.19,1359,1159,20489.7,0.853,1.11
CAM1273,Paid Ads,East,46-60,Female,High,01-02-2023,22959.51,4638,1589,59506.45,0.343,1.59
CAM1274,Influencer,North,18-25,Female,Medium,01-03-2023,37541.73,2924,1296,47119.97,0.443,0.26
CAM1275,Influencer,South,18-25,Male,Medium,01-07-2023,17615.05,9756,1411,105775.73,0.145,5
CAM1276,Referral,East,26-35,Male,High,01-06-2023,35933.29,4517,215,19187.74,0.048,-0.47
CAM1277,Influencer,West,46-60,Female,Medium,01-12-2023,6102.43,9060,432,33223.85,0.048,4.44
CAM1278,Influencer,South,26-35,Other,High,01-08-2023,18776.18,8842,1929,92771.52,0.218,3.94
CAM1279,Influencer,East,18-25,Male,Medium,01-08-2023,29710.87,1634,1968,15642.32,1.204,-0.47
CAM1280,Social Media,East,26-35,Male,High,01-06-2023,33444.04,5666,1449,64178.89,0.256,0.92
CAM1281,Referral,West,18-25,Male,High,01-12-2023,30966.83,5619,1544,58631.77,0.275,0.89
CAM1282,Email,North,46-60,Female,Medium,01-11-2023,36399.03,6194,839,46784.13,0.135,0.29
CAM1283,Paid Ads,North,36-45,Female,Low,01-10-2023,5273.99,6636,1715,53402.95,0.258,9.13
CAM1284,Email,South,46-60,Female,Medium,01-03-2023,9542.35,5985,80,68293.46,0.013,6.16
CAM1285,Referral,West,26-35,Female,High,01-03-2023,44102.49,4664,1448,27750.41,0.31,-0.37
CAM1286,Paid Ads,North,26-35,Other,Low,01-01-2023,35678.69,2846,60,72919.55,0.021,1.04
CAM1287,Referral,West,46-60,Other,Medium,01-07-2023,10081.92,5539,1375,98597.56,0.248,8.78
CAM1288,Influencer,North,46-60,Female,Medium,01-05-2023,42893.35,5397,145,93617.7,0.027,1.18
CAM1289,Paid Ads,East,18-25,Other,Medium,01-04-2023,15900.4,8752,1263,26928.99,0.144,0.69
CAM1290,Influencer,North,26-35,Male,Low,01-10-2023,26521.69,5541,502,26417.44,0.091,0
CAM1291,Email,West,26-35,Male,High,01-04-2023,11533.84,4401,241,39499.18,0.055,2.42
CAM1292,Email,East,46-60,Male,Medium,01-04-2023,36954.95,1837,535,49718.22,0.291,0.35
CAM1293,Paid Ads,East,36-45,Female,Medium,01-06-2023,35008.45,1684,1339,54930.11,0.795,0.57
CAM1294,Paid Ads,East,26-35,Male,Medium,01-08-2023,14500.06,4926,1497,84766.69,0.304,4.85
CAM1295,Referral,West,36-45,Other,Medium,01-08-2023,43853.03,2051,1201,16234.85,0.586,-0.63
CAM1296,Referral,South,46-60,Female,Medium,01-05-2023,23058.77,2129,287,13814,0.135,-0.4
CAM1297,Influencer,South,46-60,Other,High,01-06-2023,18163.18,2026,1993,53110.16,0.984,1.92
CAM1298,Paid Ads,South,18-25,Male,High,01-04-2023,11854.83,1861,1428,86688.01,0.767,6.31
CAM1299,Email,West,26-35,Male,Medium,01-12-2023,16977.56,4870,1185,31277.89,0.243,0.84
CAM1300,Referral,East,36-45,Male,Low,01-11-2023,5991.21,5783,1901,80565.49,0.329,12.45
CAM1301,Referral,South,18-25,Female,High,01-09-2023,31246.59,8110,1519,38581.1,0.187,0.23
CAM1302,Email,West,26-35,Other,Low,01-08-2023,42900.38,2493,1416,107469.47,0.568,1.51
CAM1303,Referral,South,18-25,Female,High,01-10-2023,29704.12,1369,1218,108525.89,0.89,2.65
CAM1304,Influencer,North,46-60,Female,Medium,01-12-2023,14867.33,1514,1138,42701.59,0.752,1.87
CAM1305,Paid Ads,South,26-35,Male,High,01-10-2023,6515.11,1102,1320,35299.31,1.198,4.42
CAM1306,Email,South,18-25,Female,Medium,01-01-2023,14658.26,1190,784,55243.44,0.659,2.77
CAM1307,Paid Ads,East,18-25,Female,High,01-02-2023,23725.46,9185,1040,36458.47,0.113,0.54
CAM1308,Referral,West,36-45,Male,Medium,01-09-2023,39182.51,989,1563,83962.22,1.58,1.14
CAM1309,Referral,East,18-25,Female,Medium,01-08-2023,13452.93,7364,874,100867.12,0.119,6.5
CAM1310,Email,East,26-35,Male,Medium,01-03-2023,37390.62,7740,1512,84040.13,0.195,1.25
CAM1311,Influencer,East,26-35,Male,Medium,01-08-2023,44012.01,8286,155,100678.55,0.019,1.29
CAM1312,Social Media,East,36-45,Male,Low,01-12-2023,25427.61,8524,230,53669.14,0.027,1.11
CAM1313,Email,East,26-35,Male,Medium,01-01-2023,41964.44,794,233,27194.87,0.293,-0.35
CAM1314,Social Media,South,46-60,Female,Low,01-10-2023,29959.58,5988,275,91174.6,0.046,2.04
CAM1315,Social Media,East,26-35,Male,Low,01-04-2023,33669.09,4527,826,49652.2,0.182,0.47
CAM1316,Influencer,East,26-35,Male,Medium,01-03-2023,28682.53,3412,839,83839.79,0.246,1.92
CAM1317,Social Media,West,18-25,Female,Low,01-06-2023,25842.77,5244,1982,39770.83,0.378,0.54
CAM1318,Social Media,North,18-25,Female,High,01-07-2023,15559.4,2373,1162,18935.26,0.49,0.22
CAM1319,Influencer,South,26-35,Other,Medium,01-04-2023,18643.73,3758,737,119184,0.196,5.39
CAM1320,Social Media,South,36-45,Female,Low,01-07-2023,18048.66,3317,579,27182.17,0.175,0.51
CAM1321,Social Media,South,18-25,Female,Medium,01-09-2023,30348,9136,1444,118726.31,0.158,2.91
CAM1322,Social Media,East,36-45,Other,Medium,01-11-2023,10397.92,4141,1021,117500.79,0.247,10.3
CAM1323,Email,East,26-35,Female,Medium,01-02-2023,46255.63,4958,985,97319.99,0.199,1.1
CAM1324,Email,East,26-35,Female,Low,01-11-2023,37429.48,5807,1986,82536.53,0.342,1.21
CAM1325,Email,West,46-60,Female,High,01-03-2023,23065.05,9433,1472,73558.78,0.156,2.19
CAM1326,Influencer,North,18-25,Female,High,01-05-2023,12138.09,2541,155,105271.17,0.061,7.67
CAM1327,Referral,East,26-35,Other,Low,01-03-2023,44689.65,1179,1344,41838.35,1.14,-0.06
CAM1328,Social Media,North,46-60,Female,Medium,01-11-2023,42070.01,6238,880,61444.93,0.141,0.46
CAM1329,Social Media,West,18-25,Female,Low,01-08-2023,37477.47,6168,1576,78132.9,0.256,1.08
CAM1330,Influencer,South,26-35,Other,Low,01-12-2023,17219.62,8197,728,55230.95,0.089,2.21
CAM1331,Social Media,East,26-35,Male,Low,01-10-2023,23110.1,8533,1598,57023.51,0.187,1.47
CAM1332,Email,North,18-25,Other,Medium,01-08-2023,9623.67,562,898,46331.31,1.598,3.81
CAM1333,Referral,North,18-25,Male,Low,01-08-2023,13506.78,8329,1105,72065.5,0.133,4.34
CAM1334,Paid Ads,East,18-25,Other,Medium,01-12-2023,40235.75,7852,442,103563.2,0.056,1.57
CAM1335,Social Media,South,26-35,Other,Low,01-12-2023,37176.74,7415,89,32168.12,0.012,-0.13
CAM1336,Email,South,26-35,Female,High,01-09-2023,31706.86,8826,709,112787.63,0.08,2.56
CAM1337,Paid Ads,South,46-60,Male,Low,01-04-2023,45307.7,4144,1291,85799.64,0.312,0.89
CAM1338,Referral,West,36-45,Female,Low,01-05-2023,31246.99,5470,1804,100560.05,0.33,2.22
CAM1339,Paid Ads,North,18-25,Male,High,01-05-2023,26013.56,8503,1030,71180.98,0.121,1.74
CAM1340,Email,North,26-35,Other,Medium,01-08-2023,20316.68,3778,1155,95746.84,0.306,3.71
CAM1341,Paid Ads,North,26-35,Other,Medium,01-07-2023,47320.18,7796,894,11782.04,0.115,-0.75
CAM1342,Influencer,West,18-25,Male,Low,01-09-2023,8722.2,9514,1793,100021.85,0.188,10.47
CAM1343,Paid Ads,North,36-45,Female,High,01-08-2023,46889.93,3574,250,14415.27,0.07,-0.69
CAM1344,Social Media,West,18-25,Female,Medium,01-02-2023,42202.16,8812,496,107890.47,0.056,1.56
CAM1345,Social Media,South,36-45,Female,Low,01-10-2023,10846.85,8052,1917,119115.9,0.238,9.98
CAM1346,Influencer,East,26-35,Female,High,01-12-2023,30424.3,2137,1501,42347.42,0.702,0.39
CAM1347,Email,North,36-45,Other,Medium,01-04-2023,43994.66,5603,1111,33135.04,0.198,-0.25
CAM1348,Social Media,North,46-60,Other,Medium,01-06-2023,30731.41,9616,1284,94189.97,0.134,2.06
CAM1349,Referral,South,26-35,Other,High,01-12-2023,45823.99,1144,493,37832.9,0.431,-0.17
CAM1350,Social Media,East,46-60,Other,High,01-02-2023,47434.27,2532,1400,105211.86,0.553,1.22
CAM1351,Social Media,West,18-25,Other,High,01-07-2023,24007.3,3261,810,21312.69,0.248,-0.11
CAM1352,Email,East,18-25,Female,High,01-03-2023,21979.11,2568,276,23855.07,0.107,0.09
CAM1353,Paid Ads,South,18-25,Female,Low,01-03-2023,47134.45,741,97,117706.67,0.131,1.5
CAM1354,Social Media,South,36-45,Female,High,01-11-2023,35381.3,3168,1091,84122.28,0.344,1.38
CAM1355,Influencer,East,26-35,Female,Medium,01-02-2023,10221.02,1302,961,103157.59,0.738,9.09
CAM1356,Paid Ads,West,18-25,Other,Medium,01-11-2023,6903.13,5559,1512,45676.23,0.272,5.62
CAM1357,Referral,West,18-25,Other,Low,01-08-2023,30408.31,695,1880,84413.21,2.705,1.78
CAM1358,Email,North,26-35,Other,Medium,01-06-2023,46857.69,2687,1781,75366.6,0.663,0.61
CAM1359,Referral,West,18-25,Male,Medium,01-01-2023,42991.19,2830,236,76346.51,0.083,0.78
CAM1360,Paid Ads,East,46-60,Female,High,01-12-2023,35413.15,5341,394,85078.57,0.074,1.4
CAM1361,Paid Ads,South,26-35,Female,Medium,01-01-2023,11260.21,4106,273,73289.51,0.066,5.51
CAM1362,Paid Ads,North,26-35,Other,Low,01-07-2023,16440.41,8968,879,57196.86,0.098,2.48
CAM1363,Referral,North,26-35,Female,High,01-08-2023,44398.01,560,537,40351.5,0.959,-0.09
CAM1364,Paid Ads,South,46-60,Female,High,01-05-2023,13226.33,4427,1982,94543.95,0.448,6.15
CAM1365,Referral,West,26-35,Other,Low,01-12-2023,17529.77,6796,926,34889.97,0.136,0.99
CAM1366,Paid Ads,South,46-60,Male,High,01-11-2023,10832.03,3091,898,86158.97,0.291,6.95
CAM1367,Influencer,West,26-35,Male,High,01-05-2023,35424.87,9258,1302,35666.61,0.141,0.01
CAM1368,Paid Ads,South,36-45,Male,Low,01-04-2023,47479.2,6621,1463,78786.32,0.221,0.66
CAM1369,Referral,East,18-25,Other,High,01-06-2023,17103.56,1700,1028,92178.61,0.605,4.39
CAM1370,Social Media,West,36-45,Female,Low,01-06-2023,26393.3,3354,1662,34058.53,0.496,0.29
CAM1371,Paid Ads,East,18-25,Other,Low,01-03-2023,33545.29,7524,1066,16593.76,0.142,-0.51
CAM1372,Social Media,North,46-60,Other,Medium,01-09-2023,49975.98,9928,237,24407.11,0.024,-0.51
CAM1373,Influencer,South,36-45,Female,Medium,01-12-2023,9716.36,7472,1931,76659.67,0.258,6.89
CAM1374,Email,North,26-35,Male,High,01-11-2023,27435.69,636,319,103439.1,0.502,2.77
CAM1375,Influencer,North,18-25,Male,High,01-07-2023,22330.41,1529,1680,14949.65,1.099,-0.33
CAM1376,Paid Ads,North,18-25,Other,Low,01-01-2023,43961.91,3094,359,90756.64,0.116,1.06
CAM1377,Social Media,North,36-45,Male,High,01-07-2023,26418.55,7706,1205,47545.05,0.156,0.8
CAM1378,Social Media,South,46-60,Other,Low,01-05-2023,9993.99,1161,1624,62638.12,1.399,5.27
CAM1379,Referral,North,36-45,Other,Low,01-05-2023,33549.09,2972,1145,112174.55,0.385,2.34
CAM1380,Social Media,South,46-60,Female,High,01-02-2023,39685.13,586,1866,46516.87,3.184,0.17
CAM1381,Referral,South,46-60,Female,Low,01-04-2023,5129.66,6719,894,61187.06,0.133,10.93
CAM1382,Email,East,18-25,Female,Medium,01-12-2023,43653.05,8643,1745,11505.07,0.202,-0.74
CAM1383,Paid Ads,West,36-45,Other,High,01-06-2023,13371.04,7468,1260,18975.86,0.169,0.42
CAM1384,Referral,West,36-45,Female,Medium,01-10-2023,29843.12,3273,535,38445.08,0.163,0.29
CAM1385,Email,South,46-60,Male,High,01-11-2023,23710.89,2200,1264,13063.75,0.575,-0.45
CAM1386,Social Media,East,36-45,Male,Low,01-07-2023,37384.42,3200,1495,79451.29,0.467,1.13
CAM1387,Social Media,South,26-35,Other,High,01-11-2023,21702.27,7315,169,56903.82,0.023,1.62
CAM1388,Email,South,26-35,Other,Medium,01-05-2023,44139.34,2147,269,70295.97,0.125,0.59
CAM1389,Social Media,South,36-45,Female,Low,01-09-2023,37872.34,6538,102,29211.19,0.016,-0.23
CAM1390,Email,East,36-45,Other,High,01-03-2023,34147.09,5664,1807,42552.52,0.319,0.25
CAM1391,Referral,West,46-60,Other,High,01-01-2023,40830.83,6020,1524,83020.69,0.253,1.03
CAM1392,Referral,East,26-35,Male,High,01-04-2023,38931.04,4187,1485,116183.3,0.355,1.98
CAM1393,Email,North,26-35,Male,Medium,01-09-2023,6617.24,1096,1716,15545.85,1.566,1.35
CAM1394,Referral,East,18-25,Female,Medium,01-04-2023,22763.05,5045,1310,107942.28,0.26,3.74
CAM1395,Referral,East,46-60,Other,High,01-02-2023,46886.33,9176,807,73456.93,0.088,0.57
CAM1396,Referral,East,18-25,Other,Low,01-10-2023,10657.59,9337,787,72031.15,0.084,5.76
CAM1397,Influencer,East,26-35,Male,Low,01-05-2023,38169.34,5257,769,65030.64,0.146,0.7
CAM1398,Paid Ads,West,46-60,Other,Medium,01-03-2023,48856.63,4884,455,17633.35,0.093,-0.64
CAM1399,Social Media,North,36-45,Male,Low,01-12-2023,7348.94,9412,657,19886.45,0.07,1.71
CAM1400,Influencer,West,46-60,Female,Medium,01-09-2023,35698.72,5233,1070,76100.32,0.204,1.13
CAM1401,Referral,West,36-45,Male,High,01-04-2023,26066.94,7581,471,47505.44,0.062,0.82
CAM1402,Email,East,36-45,Other,Medium,01-06-2023,31062.89,9190,761,110899.49,0.083,2.57
CAM1403,Referral,South,46-60,Female,Medium,01-02-2023,8840.36,7617,296,54724.96,0.039,5.19
CAM1404,Paid Ads,South,36-45,Male,High,01-06-2023,6935.31,5229,121,25760.96,0.023,2.71
CAM1405,Referral,West,18-25,Male,Low,01-03-2023,35009,2173,1903,88619.07,0.876,1.53
CAM1406,Email,West,26-35,Female,Medium,01-12-2023,42048.92,8806,234,42268.88,0.027,0.01
CAM1407,Paid Ads,East,36-45,Female,Medium,01-12-2023,40190.69,7678,55,67801.73,0.007,0.69
CAM1408,Referral,West,18-25,Male,High,01-09-2023,29471.26,2794,1279,86761.61,0.458,1.94
CAM1409,Paid Ads,East,36-45,Other,Low,01-11-2023,9494.01,4130,1617,109029.05,0.392,10.48
CAM1410,Social Media,South,26-35,Male,Medium,01-02-2023,35962,646,1684,97141.03,2.607,1.7
CAM1411,Social Media,South,18-25,Female,High,01-12-2023,15885,3953,955,84399.72,0.242,4.31
CAM1412,Referral,North,26-35,Male,Medium,01-12-2023,45998.09,5007,436,84759.65,0.087,0.84
CAM1413,Paid Ads,South,26-35,Female,High,01-09-2023,42721.94,6283,1841,114051.71,0.293,1.67
CAM1414,Email,West,18-25,Female,Low,01-05-2023,36922.23,8251,748,42540.65,0.091,0.15
CAM1415,Referral,South,18-25,Other,Low,01-08-2023,47698.07,6128,1149,10122.33,0.188,-0.79
CAM1416,Social Media,East,18-25,Female,Low,01-02-2023,6413.98,8828,1250,39915,0.142,5.22
CAM1417,Social Media,South,46-60,Female,Low,01-06-2023,38129.02,3860,876,33968.05,0.227,-0.11
CAM1418,Referral,North,18-25,Other,Medium,01-03-2023,19860.93,3505,1872,82801.8,0.534,3.17
CAM1419,Paid Ads,South,18-25,Female,Medium,01-12-2023,45772.96,4052,398,79708.28,0.098,0.74
CAM1420,Social Media,East,18-25,Other,Low,01-12-2023,17000.38,518,1328,75280.75,2.564,3.43
CAM1421,Paid Ads,East,18-25,Other,Low,01-10-2023,37618.54,2742,1910,11786.78,0.697,-0.69
CAM1422,Social Media,West,36-45,Female,Low,01-05-2023,44494.12,6818,1775,90165.59,0.26,1.03
CAM1423,Social Media,South,46-60,Female,Medium,01-12-2023,6874.56,5597,357,45588.35,0.064,5.63
CAM1424,Influencer,East,26-35,Male,Low,01-08-2023,22894.14,9140,1418,83156.16,0.155,2.63
CAM1425,Social Media,North,18-25,Other,Low,01-10-2023,39303.91,2448,1200,71223.63,0.49,0.81
CAM1426,Email,West,36-45,Male,Low,01-01-2023,25471.35,9637,336,47700.4,0.035,0.87
CAM1427,Referral,North,36-45,Female,High,01-05-2023,17026.37,6118,815,24803.39,0.133,0.46
CAM1428,Referral,South,36-45,Male,Low,01-03-2023,14891.24,4736,774,20386.08,0.163,0.37
CAM1429,Paid Ads,South,26-35,Other,High,01-04-2023,10918.32,7401,811,101467.02,0.11,8.29
CAM1430,Social Media,South,18-25,Male,High,01-02-2023,43570.83,2420,1669,111023.73,0.69,1.55
CAM1431,Email,West,46-60,Other,Low,01-09-2023,30890.99,4688,1560,81476.69,0.333,1.64
CAM1432,Paid Ads,East,46-60,Female,High,01-03-2023,8437.32,738,432,21377.75,0.585,1.53
CAM1433,Influencer,West,36-45,Female,Low,01-02-2023,22216.11,704,1479,54222.99,2.101,1.44
CAM1434,Paid Ads,North,26-35,Other,Medium,01-10-2023,21548.01,6052,437,90183.31,0.072,3.19
CAM1435,Paid Ads,West,26-35,Female,Medium,01-11-2023,13178.26,5427,574,95780.3,0.106,6.27
CAM1436,Social Media,North,26-35,Female,Medium,01-09-2023,24597.84,4890,1630,23004.05,0.333,-0.06
CAM1437,Influencer,West,46-60,Female,Medium,01-07-2023,19944.47,3187,688,10003.38,0.216,-0.5
CAM1438,Paid Ads,East,36-45,Female,High,01-06-2023,20381.17,5451,987,88335.08,0.181,3.33
CAM1439,Email,North,18-25,Other,Low,01-01-2023,38256.2,6660,1699,49225.58,0.255,0.29
CAM1440,Email,South,46-60,Male,Low,01-05-2023,15046.85,5888,325,37992.95,0.055,1.52
CAM1441,Referral,South,36-45,Male,Low,01-12-2023,33883.7,5626,549,11418.72,0.098,-0.66
CAM1442,Influencer,West,36-45,Female,Medium,01-11-2023,30679.23,1316,766,69432.93,0.582,1.26
CAM1443,Influencer,South,18-25,Male,Medium,01-11-2023,30564.16,9512,386,103626.58,0.041,2.39
CAM1444,Referral,North,18-25,Male,Low,01-03-2023,34835.33,692,981,115339.48,1.418,2.31
CAM1445,Paid Ads,South,18-25,Female,Medium,01-01-2023,29677.19,2276,530,72231.94,0.233,1.43
CAM1446,Influencer,East,26-35,Female,Low,01-04-2023,44566.48,4145,1970,66590.75,0.475,0.49
CAM1447,Email,East,18-25,Male,Low,01-02-2023,35401.1,6814,960,19356.2,0.141,-0.45
CAM1448,Email,West,36-45,Other,Low,01-02-2023,29613.35,8942,1346,70376.01,0.151,1.38
CAM1449,Social Media,North,18-25,Female,Low,01-03-2023,42339.34,2288,1993,51797.7,0.871,0.22
CAM1450,Influencer,East,36-45,Other,Low,01-08-2023,32276.6,7874,1131,76784.88,0.144,1.38
CAM1451,Paid Ads,East,46-60,Male,Low,01-08-2023,18101.49,4200,1401,52759.9,0.334,1.91
CAM1452,Referral,North,26-35,Female,Low,01-12-2023,14319.27,9859,1804,36432.9,0.183,1.54
CAM1453,Referral,South,46-60,Other,Medium,01-07-2023,11854.75,4393,158,20446.18,0.036,0.72
CAM1454,Paid Ads,South,46-60,Female,Low,01-06-2023,45475.48,7311,1352,44641.03,0.185,-0.02
CAM1455,Social Media,West,36-45,Male,Low,01-09-2023,36956.09,9788,1759,20630.93,0.18,-0.44
CAM1456,Referral,South,46-60,Other,Medium,01-04-2023,47182.03,3179,377,29458.66,0.119,-0.38
CAM1457,Influencer,North,36-45,Male,Medium,01-12-2023,32148.13,4404,1849,118606.98,0.42,2.69
CAM1458,Social Media,East,18-25,Male,Medium,01-01-2023,26303.04,7760,364,58851.39,0.047,1.24
CAM1459,Influencer,South,18-25,Female,Low,01-08-2023,7687.24,1004,1547,68505.89,1.541,7.91
CAM1460,Email,West,36-45,Other,High,01-07-2023,35223.9,7273,1184,106098.04,0.163,2.01
CAM1461,Social Media,South,18-25,Male,High,01-07-2023,31199.39,4316,748,119512.58,0.173,2.83
CAM1462,Referral,North,26-35,Male,Medium,01-03-2023,49559.4,1217,830,74098.59,0.682,0.5
CAM1463,Social Media,West,46-60,Other,High,01-04-2023,15762.15,4934,1302,99372.12,0.264,5.3
CAM1464,Social Media,South,26-35,Male,Medium,01-10-2023,28883.18,1158,1570,45963.51,1.356,0.59
CAM1465,Social Media,West,46-60,Male,Low,01-09-2023,34293.08,5557,205,43631.84,0.037,0.27
CAM1466,Social Media,North,18-25,Other,High,01-06-2023,34006.6,4508,1546,54297.41,0.343,0.6
CAM1467,Influencer,East,26-35,Other,Low,01-05-2023,30258.21,5494,1774,83975.8,0.323,1.78
CAM1468,Email,North,18-25,Other,High,01-03-2023,39961.76,4734,1345,85041.09,0.284,1.13
CAM1469,Paid Ads,North,46-60,Other,Low,01-09-2023,14224.15,4264,936,44676.34,0.22,2.14
CAM1470,Social Media,North,36-45,Female,High,01-05-2023,37653.22,5137,1075,24653.09,0.209,-0.35
CAM1471,Referral,North,36-45,Other,Low,01-05-2023,32888.06,2604,807,79563.59,0.31,1.42
CAM1472,Social Media,East,26-35,Female,Low,01-04-2023,45323.38,9947,771,24115.84,0.078,-0.47
CAM1473,Referral,East,18-25,Female,High,01-04-2023,43123.75,7301,1584,73634.18,0.217,0.71
CAM1474,Influencer,West,18-25,Female,Low,01-12-2023,19181.62,9075,962,86276.43,0.106,3.5
CAM1475,Referral,South,26-35,Male,Low,01-01-2023,17430.68,3107,1359,87067.26,0.437,4
CAM1476,Paid Ads,East,36-45,Female,Low,01-07-2023,49174.4,8885,920,92881.93,0.104,0.89
CAM1477,Email,East,46-60,Female,High,01-09-2023,28726.93,4219,62,106014.54,0.015,2.69
CAM1478,Referral,South,26-35,Male,High,01-03-2023,45788.94,3081,657,64995.49,0.213,0.42
CAM1479,Referral,East,46-60,Male,Low,01-12-2023,12374.65,3065,547,90327.41,0.178,6.3
CAM1480,Email,North,36-45,Male,Low,01-02-2023,33926.85,3263,1806,78109,0.553,1.3
CAM1481,Paid Ads,North,18-25,Other,High,01-03-2023,41443.71,6828,287,30530.39,0.042,-0.26
CAM1482,Social Media,South,36-45,Male,High,01-01-2023,47632.79,6491,1167,12825.86,0.18,-0.73
CAM1483,Referral,West,26-35,Male,Low,01-06-2023,20180.31,3906,1411,41299.55,0.361,1.05
CAM1484,Email,West,18-25,Female,Low,01-11-2023,37624.15,9423,830,58733.71,0.088,0.56
CAM1485,Influencer,South,26-35,Male,Low,01-11-2023,29246.59,5280,1244,77881.65,0.236,1.66
CAM1486,Email,South,26-35,Other,Medium,01-07-2023,7728.3,4677,655,103495.53,0.14,12.39
CAM1487,Influencer,North,36-45,Male,High,01-11-2023,36049.99,6976,710,31587.03,0.102,-0.12
CAM1488,Paid Ads,West,26-35,Other,Medium,01-11-2023,36054.35,3104,1697,23810.48,0.547,-0.34
CAM1489,Social Media,East,36-45,Male,High,01-02-2023,46877.31,8681,1640,115982.79,0.189,1.47
CAM1490,Email,North,18-25,Male,High,01-08-2023,27379.06,2882,898,21884.9,0.312,-0.2
CAM1491,Referral,South,36-45,Male,High,01-06-2023,15361.29,1031,985,62634.02,0.955,3.08
CAM1492,Paid Ads,West,18-25,Male,High,01-04-2023,7005.37,6579,1540,74412.01,0.234,9.62
CAM1493,Email,East,36-45,Other,High,01-05-2023,23703.9,1134,677,69551.19,0.597,1.93
CAM1494,Referral,East,46-60,Other,High,01-08-2023,18586.25,502,192,19463.54,0.382,0.05
CAM1495,Email,North,46-60,Female,High,01-03-2023,39248.97,8897,1274,16272.96,0.143,-0.59
CAM1496,Influencer,West,26-35,Other,Medium,01-03-2023,20942.05,6451,1253,21603.18,0.194,0.03
CAM1497,Email,West,36-45,Male,Low,01-11-2023,47708.2,6126,763,74414.65,0.125,0.56
CAM1498,Email,South,36-45,Female,Low,01-04-2023,48303.96,8239,1437,69877.94,0.174,0.45
CAM1499,Email,West,18-25,Female,Medium,01-01-2023,32940.89,6503,528,35711.49,0.081,0.08
CAM1500,Paid Ads,West,26-35,Female,Medium,01-09-2023,46789.71,3390,614,80155.16,0.181,0.71
CAM1501,Email,North,36-45,Male,Medium,01-08-2023,39238.45,6739,520,100207.43,0.077,1.55
CAM1502,Referral,West,26-35,Other,Medium,01-08-2023,29608.68,8526,433,14573.69,0.051,-0.51
CAM1503,Influencer,East,46-60,Male,High,01-10-2023,13113.86,3806,1765,64794.29,0.464,3.94
CAM1504,Influencer,North,36-45,Female,Low,01-06-2023,25636.91,1397,975,85824.15,0.698,2.35
CAM1505,Email,North,36-45,Male,High,01-07-2023,30239.35,9777,466,37754.31,0.048,0.25
CAM1506,Paid Ads,South,26-35,Male,Low,01-06-2023,43878.27,9971,1898,43854.8,0.19,0
CAM1507,Paid Ads,West,36-45,Other,Low,01-09-2023,26660,1170,357,77500.17,0.305,1.91
CAM1508,Referral,South,26-35,Other,Medium,01-03-2023,45395.36,7791,698,108772.88,0.09,1.4
CAM1509,Email,East,36-45,Female,High,01-03-2023,35345.7,2005,1767,99091.69,0.881,1.8
CAM1510,Influencer,North,18-25,Male,Medium,01-03-2023,11164.96,6960,1440,74144.32,0.207,5.64
CAM1511,Paid Ads,North,26-35,Male,High,01-10-2023,49774.16,5667,1074,90324.39,0.19,0.81
CAM1512,Email,North,36-45,Other,Low,01-03-2023,28725.47,5755,1117,50130.47,0.194,0.75
CAM1513,Paid Ads,East,46-60,Male,Medium,01-09-2023,22633.62,749,788,80506.21,1.052,2.56
CAM1514,Paid Ads,East,36-45,Male,Medium,01-12-2023,34660.12,6957,1916,61279.98,0.275,0.77
CAM1515,Influencer,South,46-60,Male,Low,01-04-2023,9900.2,2392,1171,30892.98,0.49,2.12
CAM1516,Social Media,South,46-60,Other,Low,01-07-2023,33644.24,3939,1793,87191.21,0.455,1.59
CAM1517,Referral,South,18-25,Female,Low,01-09-2023,27420.62,3354,1338,71211.11,0.399,1.6
CAM1518,Referral,West,26-35,Female,Medium,01-11-2023,23300.33,4292,1873,49448.37,0.436,1.12
CAM1519,Influencer,North,36-45,Male,High,01-12-2023,47885.9,5830,1856,110247.31,0.318,1.3
CAM1520,Paid Ads,North,18-25,Female,Medium,01-07-2023,28514.29,8371,189,12302.75,0.023,-0.57
CAM1521,Email,South,36-45,Other,High,01-09-2023,14860.29,8735,1554,44735.05,0.178,2.01
CAM1522,Paid Ads,North,46-60,Other,Medium,01-12-2023,25653.36,4112,1310,16256.95,0.319,-0.37
CAM1523,Influencer,South,26-35,Female,Medium,01-03-2023,46372.43,3118,1023,94318,0.328,1.03
CAM1524,Referral,West,36-45,Female,Low,01-04-2023,12924.3,5178,1066,87231.82,0.206,5.75
CAM1525,Paid Ads,West,36-45,Male,High,01-08-2023,14628.07,3663,1002,46448.74,0.274,2.18
CAM1526,Referral,East,46-60,Female,Medium,01-06-2023,5586.33,9980,953,84322.92,0.095,14.09
CAM1527,Email,West,36-45,Male,Medium,01-05-2023,5638.55,3442,121,53553.09,0.035,8.5
CAM1528,Referral,South,36-45,Male,Low,01-04-2023,42322.62,8911,1740,93187.92,0.195,1.2
CAM1529,Referral,West,46-60,Other,Low,01-08-2023,37945.52,2425,1263,59960.2,0.521,0.58
CAM1530,Social Media,East,18-25,Other,High,01-01-2023,20976.85,3472,1341,55350.77,0.386,1.64
CAM1531,Social Media,North,46-60,Other,Medium,01-09-2023,36424,1490,1394,112820.29,0.936,2.1
CAM1532,Social Media,South,18-25,Other,High,01-01-2023,22784.27,2312,156,37596.7,0.067,0.65
CAM1533,Referral,North,26-35,Female,Medium,01-08-2023,47880.36,9495,1305,23249.21,0.137,-0.51
CAM1534,Influencer,East,18-25,Other,High,01-04-2023,48517.37,989,1115,74299.74,1.127,0.53
CAM1535,Referral,East,18-25,Female,Low,01-09-2023,22675.72,6376,1775,116625.4,0.278,4.14
CAM1536,Influencer,East,26-35,Other,Medium,01-11-2023,43439.99,4145,932,51562.31,0.225,0.19
CAM1537,Influencer,North,18-25,Female,High,01-05-2023,39789.01,7581,188,16824.04,0.025,-0.58
CAM1538,Social Media,North,46-60,Male,Low,01-03-2023,18950,3391,664,47323.58,0.196,1.5
CAM1539,Paid Ads,North,18-25,Female,Low,01-09-2023,15441.79,4016,1756,65652.48,0.437,3.25
CAM1540,Email,North,26-35,Female,High,01-11-2023,25620.56,3840,912,27811.53,0.238,0.09
CAM1541,Social Media,East,46-60,Other,Medium,01-09-2023,40160.7,6910,322,82391.24,0.047,1.05
CAM1542,Social Media,East,26-35,Female,Medium,01-04-2023,48207.55,553,1554,119752.43,2.81,1.48
CAM1543,Paid Ads,South,26-35,Male,Low,01-11-2023,39361.06,3075,465,59691.34,0.151,0.52
CAM1544,Email,South,36-45,Male,Medium,01-04-2023,43484.31,1115,555,49020.14,0.498,0.13
CAM1545,Referral,North,36-45,Other,Medium,01-12-2023,32137.89,6444,782,54077.46,0.121,0.68
CAM1546,Referral,West,26-35,Male,Medium,01-08-2023,42593.35,7904,1798,22666.08,0.227,-0.47
CAM1547,Social Media,West,26-35,Female,Low,01-02-2023,40298.94,1454,1926,107160.1,1.325,1.66
CAM1548,Email,East,26-35,Male,High,01-09-2023,21964.35,2129,473,55630.82,0.222,1.53
CAM1549,Social Media,East,36-45,Other,Medium,01-06-2023,29839.56,7359,1480,52600.19,0.201,0.76
CAM1550,Influencer,East,36-45,Female,Low,01-09-2023,41213.89,9341,1641,82565.93,0.176,1
CAM1551,Social Media,South,18-25,Other,Low,01-08-2023,7072.55,3778,439,58623.68,0.116,7.29
CAM1552,Social Media,South,18-25,Female,High,01-07-2023,41363.57,5955,391,81305.68,0.066,0.97
CAM1553,Referral,East,26-35,Male,Medium,01-01-2023,13004.97,4301,995,16759.09,0.231,0.29
CAM1554,Referral,East,46-60,Other,Medium,01-12-2023,28160.76,3061,663,99509.57,0.217,2.53
CAM1555,Referral,East,46-60,Other,High,01-03-2023,41372.39,7039,542,113455.43,0.077,1.74
CAM1556,Influencer,West,36-45,Female,High,01-11-2023,16421.95,870,241,81364.19,0.277,3.95
CAM1557,Referral,South,36-45,Other,Low,01-02-2023,16061.33,1357,548,115002.25,0.404,6.16
CAM1558,Email,West,36-45,Female,Low,01-05-2023,23124.4,5386,871,26657.55,0.162,0.15
CAM1559,Paid Ads,West,26-35,Female,High,01-05-2023,45258.93,7985,1785,62515.78,0.224,0.38
CAM1560,Email,East,46-60,Female,Medium,01-05-2023,5019.93,883,1306,76198.74,1.479,14.18
CAM1561,Email,East,18-25,Female,Low,01-04-2023,45562.24,4834,276,73991.03,0.057,0.62
CAM1562,Referral,North,26-35,Male,Low,01-05-2023,11921.32,4790,1444,54160.8,0.301,3.54
CAM1563,Paid Ads,North,18-25,Female,Medium,01-03-2023,49553.89,3225,188,47189.29,0.058,-0.05
CAM1564,Paid Ads,West,18-25,Other,Low,01-12-2023,47968.11,6704,905,23950.64,0.135,-0.5
CAM1565,Paid Ads,South,26-35,Male,Medium,01-01-2023,27260.38,6611,866,53091.67,0.131,0.95
CAM1566,Influencer,East,18-25,Other,Medium,01-05-2023,28072.41,4751,1222,27892.69,0.257,-0.01
CAM1567,Referral,East,46-60,Male,Medium,01-09-2023,26669.72,1422,1188,90780.22,0.835,2.4
CAM1568,Paid Ads,West,18-25,Female,High,01-09-2023,33594.96,3415,1523,32971.4,0.446,-0.02
CAM1569,Influencer,North,46-60,Male,High,01-04-2023,9082.48,8457,1136,16442.18,0.134,0.81
CAM1570,Social Media,South,46-60,Male,High,01-03-2023,6467.81,3546,153,70760.28,0.043,9.94
CAM1571,Social Media,North,46-60,Other,Medium,01-01-2023,7596.63,9666,1924,75475.27,0.199,8.94
CAM1572,Influencer,North,36-45,Other,Medium,01-02-2023,24996.44,1730,920,105910.44,0.532,3.24
CAM1573,Influencer,North,18-25,Female,High,01-08-2023,17399.66,8147,717,73467.98,0.088,3.22
CAM1574,Referral,North,26-35,Male,Low,01-01-2023,32991.78,5433,322,48002.89,0.059,0.45
CAM1575,Referral,East,26-35,Male,Medium,01-08-2023,49659.9,4440,1079,98331.31,0.243,0.98
CAM1576,Social Media,East,18-25,Male,Low,01-07-2023,22384.54,6983,1220,69430.68,0.175,2.1
CAM1577,Paid Ads,North,36-45,Female,Low,01-08-2023,30822.86,703,233,18720.83,0.331,-0.39
CAM1578,Social Media,South,36-45,Female,Medium,01-12-2023,23702.18,660,1101,72243.56,1.668,2.05
CAM1579,Paid Ads,West,46-60,Female,Medium,01-06-2023,43127.23,9460,1623,109882.04,0.172,1.55
CAM1580,Paid Ads,South,18-25,Female,Low,01-12-2023,45600.64,4248,1192,53594.39,0.281,0.18
CAM1581,Referral,South,18-25,Female,Low,01-09-2023,44481,7218,342,42595.84,0.047,-0.04
CAM1582,Email,South,26-35,Other,High,01-03-2023,48846.75,3081,1444,25781.64,0.469,-0.47
CAM1583,Email,North,18-25,Male,High,01-10-2023,6238.36,1593,1317,26659.01,0.827,3.27
CAM1584,Influencer,East,36-45,Male,Medium,01-04-2023,42791.73,5000,1653,57604.86,0.331,0.35
CAM1585,Referral,South,18-25,Male,High,01-06-2023,38829.75,9299,1799,75524.78,0.193,0.95
CAM1586,Paid Ads,North,26-35,Male,High,01-08-2023,15291.25,6210,1291,18867.69,0.208,0.23
CAM1587,Email,South,46-60,Male,High,01-05-2023,48034.4,3375,226,113352.54,0.067,1.36
CAM1588,Paid Ads,South,26-35,Male,High,01-03-2023,11668.01,3691,1372,93064.7,0.372,6.98
CAM1589,Email,North,26-35,Male,Low,01-06-2023,35579.75,2337,1749,74528.63,0.748,1.09
CAM1590,Email,East,46-60,Male,Medium,01-04-2023,15120.06,1189,107,101128.25,0.09,5.69
CAM1591,Email,East,26-35,Other,High,01-09-2023,24412.13,4259,1342,18820.54,0.315,-0.23
CAM1592,Referral,West,26-35,Male,Low,01-03-2023,37362.2,2603,357,62452.28,0.137,0.67
CAM1593,Social Media,North,18-25,Other,Low,01-04-2023,30349.61,865,1643,79310.24,1.899,1.61
CAM1594,Paid Ads,West,18-25,Female,Low,01-07-2023,24237.58,8592,1361,101151.82,0.158,3.17
CAM1595,Referral,West,46-60,Male,High,01-07-2023,19685.23,4672,1026,96181.65,0.22,3.89
CAM1596,Referral,West,18-25,Female,High,01-12-2023,42784.68,6533,1178,40477.62,0.18,-0.05
CAM1597,Referral,East,18-25,Female,Medium,01-12-2023,11471.65,2878,1301,113496.82,0.452,8.89
CAM1598,Referral,North,26-35,Female,High,01-04-2023,24354.63,1705,1320,23678.04,0.774,-0.03
CAM1599,Referral,West,36-45,Other,High,01-06-2023,45669.09,5488,749,106264.7,0.136,1.33
